"","PC1","PC2","PC3","PC4"
"Pampryl amb.",-2.82040535361323,-0.936941003104361,0.0204343238146352,-0.771916036784113
"Tropicana amb.",2.15212903676532,-2.57877663531505,-0.982287589799472,0.327822723718136
"Fruvita fr.",2.4534990581232,1.26410923586761,-0.0697175612169681,-1.60646068153067
"Joker amb.",-3.55603593021397,-0.115926343753682,1.0804597930171,0.188683519357078
"Tropicana fr.",2.82260401724539,0.486199522444096,1.58306724412411,0.951911370519032
"Pampryl fr.",-1.05179082830671,1.88133522386138,-1.63195620993941,0.909959104720534
